{"cameraMode":{"drawMode":0,"name":"Shaded","section":"Shading Mode"},"sceneLighting":true,"audioPlay":false,"sceneViewState":{"m_AlwaysRefresh":false,"showFog":true,"showSkybox":true,"showFlares":true,"showImageEffects":true,"showParticleSystems":true,"showVisualEffectGraphs":true,"m_FxEnabled":true},"in2DMode":false,"pivot":{"x":0.4482225775718689,"y":-5.0571513175964359,"z":15.811450004577637},"rotation":{"x":0.1450318992137909,"y":0.058142952620983127,"z":-0.008536932058632374,"w":0.9876853227615356},"size":9.953845024108887,"orthographic":false}